symbol,timeframe,timestamp,classification,source_file
EURUSD,H4,2022-12-26T00:00:00Z,Broker maintenance,EURUSD_H4.csv
EURUSD,H4,2022-12-26T04:00:00Z,Export omission,EURUSD_H4.csv
EURUSD,H4,2023-01-02T00:00:00Z,Broker maintenance,EURUSD_H4.csv
EURUSD,M15,2022-12-26T00:00:00Z,Broker maintenance,EURUSD_M15.csv
EURUSD,M15,2022-12-26T00:15:00Z,Broker maintenance,EURUSD_M15.csv
EURUSD,M15,2022-12-26T00:30:00Z,Broker maintenance,EURUSD_M15.csv
EURUSD,M15,2022-12-26T00:45:00Z,Broker maintenance,EURUSD_M15.csv
EURUSD,M15,2022-12-26T01:00:00Z,Export omission,EURUSD_M15.csv
EURUSD,M15,2022-12-26T01:15:00Z,Export omission,EURUSD_M15.csv
EURUSD,M15,2022-12-26T01:30:00Z,Export omission,EURUSD_M15.csv
EURUSD,M15,2022-12-26T01:45:00Z,Export omission,EURUSD_M15.csv
EURUSD,M15,2022-12-26T02:00:00Z,Export omission,EURUSD_M15.csv
EURUSD,M15,2022-12-26T02:15:00Z,Export omission,EURUSD_M15.csv
EURUSD,M15,2022-12-26T02:30:00Z,Export omission,EURUSD_M15.csv
EURUSD,M15,2022-12-26T02:45:00Z,Export omission,EURUSD_M15.csv
EURUSD,M15,2022-12-26T03:00:00Z,Export omission,EURUSD_M15.csv
EURUSD,M15,2022-12-26T03:15:00Z,Export omission,EURUSD_M15.csv
EURUSD,M15,2022-12-26T03:30:00Z,Export omission,EURUSD_M15.csv
EURUSD,M15,2022-12-26T03:45:00Z,Export omission,EURUSD_M15.csv
EURUSD,M15,2022-12-26T04:00:00Z,Export omission,EURUSD_M15.csv
EURUSD,M15,2022-12-26T04:15:00Z,Export omission,EURUSD_M15.csv
EURUSD,M15,2022-12-26T04:30:00Z,Export omission,EURUSD_M15.csv
EURUSD,M15,2022-12-26T04:45:00Z,Export omission,EURUSD_M15.csv
EURUSD,M15,2022-12-26T05:00:00Z,Export omission,EURUSD_M15.csv
EURUSD,M15,2022-12-26T05:15:00Z,Export omission,EURUSD_M15.csv
EURUSD,M15,2022-12-26T05:30:00Z,Export omission,EURUSD_M15.csv
EURUSD,M15,2022-12-26T05:45:00Z,Export omission,EURUSD_M15.csv
EURUSD,M15,2022-12-26T06:00:00Z,Export omission,EURUSD_M15.csv
EURUSD,M15,2022-12-26T06:15:00Z,Export omission,EURUSD_M15.csv
EURUSD,M15,2022-12-26T06:30:00Z,Export omission,EURUSD_M15.csv
EURUSD,M15,2022-12-26T06:45:00Z,Export omission,EURUSD_M15.csv
EURUSD,M15,2022-12-26T07:00:00Z,Export omission,EURUSD_M15.csv
EURUSD,M15,2022-12-26T07:15:00Z,Export omission,EURUSD_M15.csv
EURUSD,M15,2022-12-26T07:30:00Z,Export omission,EURUSD_M15.csv
EURUSD,M15,2022-12-26T07:45:00Z,Export omission,EURUSD_M15.csv
EURUSD,M15,2022-12-26T08:00:00Z,Export omission,EURUSD_M15.csv
EURUSD,M15,2022-12-26T08:15:00Z,Export omission,EURUSD_M15.csv
EURUSD,M15,2022-12-26T08:30:00Z,Export omission,EURUSD_M15.csv
EURUSD,M15,2022-12-26T08:45:00Z,Export omission,EURUSD_M15.csv
EURUSD,M15,2023-01-02T00:00:00Z,Broker maintenance,EURUSD_M15.csv
EURUSD,M15,2023-01-02T00:15:00Z,Broker maintenance,EURUSD_M15.csv
EURUSD,M15,2023-01-02T00:30:00Z,Broker maintenance,EURUSD_M15.csv
EURUSD,M15,2023-01-02T00:45:00Z,Broker maintenance,EURUSD_M15.csv
EURUSD,M15,2023-01-02T01:00:00Z,Export omission,EURUSD_M15.csv
EURUSD,M15,2023-01-02T01:15:00Z,Export omission,EURUSD_M15.csv
EURUSD,M15,2023-01-02T01:30:00Z,Export omission,EURUSD_M15.csv
EURUSD,M15,2023-01-02T01:45:00Z,Export omission,EURUSD_M15.csv
EURUSD,M15,2023-01-02T02:00:00Z,Export omission,EURUSD_M15.csv
EURUSD,M15,2023-01-02T02:15:00Z,Export omission,EURUSD_M15.csv
EURUSD,M15,2023-01-02T02:30:00Z,Export omission,EURUSD_M15.csv
EURUSD,M15,2023-01-02T02:45:00Z,Export omission,EURUSD_M15.csv
EURUSD,M15,2023-01-02T03:00:00Z,Export omission,EURUSD_M15.csv
EURUSD,M15,2023-01-02T03:15:00Z,Export omission,EURUSD_M15.csv
EURUSD,M15,2023-01-02T03:30:00Z,Export omission,EURUSD_M15.csv
EURUSD,M15,2023-01-02T03:45:00Z,Export omission,EURUSD_M15.csv
EURUSD,M15,2023-01-02T04:00:00Z,Export omission,EURUSD_M15.csv
EURUSD,M15,2023-01-02T04:15:00Z,Export omission,EURUSD_M15.csv
EURUSD,M15,2023-01-02T04:30:00Z,Export omission,EURUSD_M15.csv
EURUSD,M15,2023-01-02T04:45:00Z,Export omission,EURUSD_M15.csv
EURUSD,M15,2023-01-02T05:00:00Z,Export omission,EURUSD_M15.csv
EURUSD,M15,2023-01-02T05:15:00Z,Export omission,EURUSD_M15.csv
EURUSD,M15,2023-01-02T05:30:00Z,Export omission,EURUSD_M15.csv
EURUSD,M15,2023-01-02T05:45:00Z,Export omission,EURUSD_M15.csv
EURUSD,M15,2023-01-02T06:00:00Z,Export omission,EURUSD_M15.csv
EURUSD,M15,2023-01-02T06:15:00Z,Export omission,EURUSD_M15.csv
EURUSD,M15,2023-01-02T06:30:00Z,Export omission,EURUSD_M15.csv
EURUSD,M15,2023-01-02T06:45:00Z,Export omission,EURUSD_M15.csv
EURUSD,M15,2023-08-31T17:15:00Z,Export omission,EURUSD_M15.csv
EURUSD,M15,2024-03-20T05:00:00Z,Export omission,EURUSD_M15.csv
EURUSD,M3,2025-10-15T00:09:00Z,Broker maintenance,EURUSD_M3.csv
EURUSD,M3,2025-10-15T00:12:00Z,Broker maintenance,EURUSD_M3.csv
EURUSD,M3,2025-11-18T00:42:00Z,Broker maintenance,EURUSD_M3.csv
EURUSD,M3,2025-11-18T00:45:00Z,Broker maintenance,EURUSD_M3.csv
EURUSD,M3,2025-11-20T00:09:00Z,Broker maintenance,EURUSD_M3.csv
EURUSD,M3,2025-11-20T00:12:00Z,Broker maintenance,EURUSD_M3.csv
EURUSD,M3,2025-11-26T00:54:00Z,Broker maintenance,EURUSD_M3.csv
EURUSD,M3,2025-12-12T00:51:00Z,Broker maintenance,EURUSD_M3.csv
EURUSD,M3,2025-12-12T00:54:00Z,Broker maintenance,EURUSD_M3.csv
EURUSD,M3,2025-12-15T00:00:00Z,Broker maintenance,EURUSD_M3.csv
EURUSD,M3,2025-12-17T00:42:00Z,Broker maintenance,EURUSD_M3.csv
GBPUSD,H4,2022-12-26T00:00:00Z,Broker maintenance,GBPUSD_H4.csv
GBPUSD,H4,2022-12-26T04:00:00Z,Export omission,GBPUSD_H4.csv
GBPUSD,H4,2023-01-02T00:00:00Z,Broker maintenance,GBPUSD_H4.csv
GBPUSD,M15,2022-12-26T00:00:00Z,Broker maintenance,GBPUSD_M15.csv
GBPUSD,M15,2022-12-26T00:15:00Z,Broker maintenance,GBPUSD_M15.csv
GBPUSD,M15,2022-12-26T00:30:00Z,Broker maintenance,GBPUSD_M15.csv
GBPUSD,M15,2022-12-26T00:45:00Z,Broker maintenance,GBPUSD_M15.csv
GBPUSD,M15,2022-12-26T01:00:00Z,Export omission,GBPUSD_M15.csv
GBPUSD,M15,2022-12-26T01:15:00Z,Export omission,GBPUSD_M15.csv
GBPUSD,M15,2022-12-26T01:30:00Z,Export omission,GBPUSD_M15.csv
GBPUSD,M15,2022-12-26T01:45:00Z,Export omission,GBPUSD_M15.csv
GBPUSD,M15,2022-12-26T02:00:00Z,Export omission,GBPUSD_M15.csv
GBPUSD,M15,2022-12-26T02:15:00Z,Export omission,GBPUSD_M15.csv
GBPUSD,M15,2022-12-26T02:30:00Z,Export omission,GBPUSD_M15.csv
GBPUSD,M15,2022-12-26T02:45:00Z,Export omission,GBPUSD_M15.csv
GBPUSD,M15,2022-12-26T03:00:00Z,Export omission,GBPUSD_M15.csv
GBPUSD,M15,2022-12-26T03:15:00Z,Export omission,GBPUSD_M15.csv
GBPUSD,M15,2022-12-26T03:30:00Z,Export omission,GBPUSD_M15.csv
GBPUSD,M15,2022-12-26T03:45:00Z,Export omission,GBPUSD_M15.csv
GBPUSD,M15,2022-12-26T04:00:00Z,Export omission,GBPUSD_M15.csv
GBPUSD,M15,2022-12-26T04:15:00Z,Export omission,GBPUSD_M15.csv
GBPUSD,M15,2022-12-26T04:30:00Z,Export omission,GBPUSD_M15.csv
GBPUSD,M15,2022-12-26T04:45:00Z,Export omission,GBPUSD_M15.csv
GBPUSD,M15,2022-12-26T05:00:00Z,Export omission,GBPUSD_M15.csv
GBPUSD,M15,2022-12-26T05:15:00Z,Export omission,GBPUSD_M15.csv
GBPUSD,M15,2022-12-26T05:30:00Z,Export omission,GBPUSD_M15.csv
GBPUSD,M15,2022-12-26T05:45:00Z,Export omission,GBPUSD_M15.csv
GBPUSD,M15,2022-12-26T06:00:00Z,Export omission,GBPUSD_M15.csv
GBPUSD,M15,2022-12-26T06:15:00Z,Export omission,GBPUSD_M15.csv
GBPUSD,M15,2022-12-26T06:30:00Z,Export omission,GBPUSD_M15.csv
GBPUSD,M15,2022-12-26T06:45:00Z,Export omission,GBPUSD_M15.csv
GBPUSD,M15,2022-12-26T07:00:00Z,Export omission,GBPUSD_M15.csv
GBPUSD,M15,2022-12-26T07:15:00Z,Export omission,GBPUSD_M15.csv
GBPUSD,M15,2022-12-26T07:30:00Z,Export omission,GBPUSD_M15.csv
GBPUSD,M15,2022-12-26T07:45:00Z,Export omission,GBPUSD_M15.csv
GBPUSD,M15,2022-12-26T08:00:00Z,Export omission,GBPUSD_M15.csv
GBPUSD,M15,2022-12-26T08:15:00Z,Export omission,GBPUSD_M15.csv
GBPUSD,M15,2022-12-26T08:30:00Z,Export omission,GBPUSD_M15.csv
GBPUSD,M15,2022-12-26T08:45:00Z,Export omission,GBPUSD_M15.csv
GBPUSD,M15,2023-01-02T00:00:00Z,Broker maintenance,GBPUSD_M15.csv
GBPUSD,M15,2023-01-02T00:15:00Z,Broker maintenance,GBPUSD_M15.csv
GBPUSD,M15,2023-01-02T00:30:00Z,Broker maintenance,GBPUSD_M15.csv
GBPUSD,M15,2023-01-02T00:45:00Z,Broker maintenance,GBPUSD_M15.csv
GBPUSD,M15,2023-01-02T01:00:00Z,Export omission,GBPUSD_M15.csv
GBPUSD,M15,2023-01-02T01:15:00Z,Export omission,GBPUSD_M15.csv
GBPUSD,M15,2023-01-02T01:30:00Z,Export omission,GBPUSD_M15.csv
GBPUSD,M15,2023-01-02T01:45:00Z,Export omission,GBPUSD_M15.csv
GBPUSD,M15,2023-01-02T02:00:00Z,Export omission,GBPUSD_M15.csv
GBPUSD,M15,2023-01-02T02:15:00Z,Export omission,GBPUSD_M15.csv
GBPUSD,M15,2023-01-02T02:30:00Z,Export omission,GBPUSD_M15.csv
GBPUSD,M15,2023-01-02T02:45:00Z,Export omission,GBPUSD_M15.csv
GBPUSD,M15,2023-01-02T03:00:00Z,Export omission,GBPUSD_M15.csv
GBPUSD,M15,2023-01-02T03:15:00Z,Export omission,GBPUSD_M15.csv
GBPUSD,M15,2023-01-02T03:30:00Z,Export omission,GBPUSD_M15.csv
GBPUSD,M15,2023-01-02T03:45:00Z,Export omission,GBPUSD_M15.csv
GBPUSD,M15,2023-01-02T04:00:00Z,Export omission,GBPUSD_M15.csv
GBPUSD,M15,2023-01-02T04:15:00Z,Export omission,GBPUSD_M15.csv
GBPUSD,M15,2023-01-02T04:30:00Z,Export omission,GBPUSD_M15.csv
GBPUSD,M15,2023-01-02T04:45:00Z,Export omission,GBPUSD_M15.csv
GBPUSD,M15,2023-01-02T05:00:00Z,Export omission,GBPUSD_M15.csv
GBPUSD,M15,2023-01-02T05:15:00Z,Export omission,GBPUSD_M15.csv
GBPUSD,M15,2023-01-02T05:30:00Z,Export omission,GBPUSD_M15.csv
GBPUSD,M15,2023-01-02T05:45:00Z,Export omission,GBPUSD_M15.csv
GBPUSD,M15,2023-01-02T06:00:00Z,Export omission,GBPUSD_M15.csv
GBPUSD,M15,2023-01-02T06:15:00Z,Export omission,GBPUSD_M15.csv
GBPUSD,M15,2023-01-02T06:30:00Z,Export omission,GBPUSD_M15.csv
GBPUSD,M15,2023-01-02T06:45:00Z,Export omission,GBPUSD_M15.csv
GBPUSD,M15,2023-08-31T17:15:00Z,Export omission,GBPUSD_M15.csv
GBPUSD,M15,2024-03-20T05:00:00Z,Export omission,GBPUSD_M15.csv
GBPUSD,M3,2025-10-23T00:39:00Z,Broker maintenance,GBPUSD_M3.csv
GBPUSD,M3,2025-10-23T00:42:00Z,Broker maintenance,GBPUSD_M3.csv
GBPUSD,M3,2025-10-23T00:45:00Z,Broker maintenance,GBPUSD_M3.csv
GBPUSD,M3,2025-10-24T00:39:00Z,Broker maintenance,GBPUSD_M3.csv
GBPUSD,M3,2025-11-18T00:42:00Z,Broker maintenance,GBPUSD_M3.csv
GBPUSD,M3,2025-11-18T00:45:00Z,Broker maintenance,GBPUSD_M3.csv
GBPUSD,M3,2025-11-18T00:48:00Z,Broker maintenance,GBPUSD_M3.csv
GBPUSD,M3,2025-11-19T00:12:00Z,Broker maintenance,GBPUSD_M3.csv
GBPUSD,M3,2025-11-19T00:42:00Z,Broker maintenance,GBPUSD_M3.csv
GBPUSD,M3,2025-11-19T00:45:00Z,Broker maintenance,GBPUSD_M3.csv
GBPUSD,M3,2025-11-21T00:00:00Z,Broker maintenance,GBPUSD_M3.csv
GBPUSD,M3,2025-11-25T00:15:00Z,Broker maintenance,GBPUSD_M3.csv
GBPUSD,M3,2025-11-25T00:18:00Z,Broker maintenance,GBPUSD_M3.csv
GBPUSD,M3,2025-11-26T00:48:00Z,Broker maintenance,GBPUSD_M3.csv
GBPUSD,M3,2025-11-26T00:51:00Z,Broker maintenance,GBPUSD_M3.csv
GBPUSD,M3,2025-12-01T00:48:00Z,Broker maintenance,GBPUSD_M3.csv
GBPUSD,M3,2025-12-02T00:06:00Z,Broker maintenance,GBPUSD_M3.csv
GBPUSD,M3,2025-12-02T00:33:00Z,Broker maintenance,GBPUSD_M3.csv
GBPUSD,M3,2025-12-02T00:51:00Z,Broker maintenance,GBPUSD_M3.csv
GBPUSD,M3,2025-12-04T00:00:00Z,Broker maintenance,GBPUSD_M3.csv
GBPUSD,M3,2025-12-04T00:03:00Z,Broker maintenance,GBPUSD_M3.csv
GBPUSD,M3,2025-12-10T00:54:00Z,Broker maintenance,GBPUSD_M3.csv
GBPUSD,M3,2025-12-10T00:57:00Z,Broker maintenance,GBPUSD_M3.csv
GBPUSD,M3,2025-12-11T00:54:00Z,Broker maintenance,GBPUSD_M3.csv
GBPUSD,M3,2025-12-12T00:12:00Z,Broker maintenance,GBPUSD_M3.csv
GBPUSD,M3,2025-12-12T00:15:00Z,Broker maintenance,GBPUSD_M3.csv
GBPUSD,M3,2025-12-12T00:18:00Z,Broker maintenance,GBPUSD_M3.csv
GBPUSD,M3,2025-12-12T00:42:00Z,Broker maintenance,GBPUSD_M3.csv
GBPUSD,M3,2025-12-12T00:45:00Z,Broker maintenance,GBPUSD_M3.csv
GBPUSD,M3,2025-12-22T00:00:00Z,Broker maintenance,GBPUSD_M3.csv
