ambiguous_bar,break_even_activated,commission,commission_r,commission_usd_round_turn,cost_r,cum_net_r,direction,entry,entry_index,entry_slippage_price,entry_time,exit_index,exit_price,exit_slippage_price,exit_time,experiment_id,gross_r,management_events,net_r,outcome,partial_taken,price_cost_round_trip,signal_index,signal_time,slippage_price_round_trip,slippage_r,spread_pips,spread_points,spread_price,spread_r,stop,strategy_id,strategy_version,structure_key,swap_r,symbol_metadata_version,target,total_cost,total_cost_r,unresolved_open_position
False,True,0.0,0.0,0.0,0.469697,1.030303,long,1.15976,447,3e-05,2025-06-24 12:10,449,1.16108,3e-05,2025-06-24 12:20,baseline,1.5,"({'bar': 1, 'event': '+1R_REACHED'}, {'bar': 1, 'event': 'PARTIAL_TAKEN', 'fraction': 0.5}, {'bar': 1, 'event': 'BREAK_EVEN_ACTIVATED', 'new_stop': 1.15976})",1.030303,TARGET,True,0.00031,446,2025-06-24 12:05,6e-05,0.0909090909,2.5,25.0,0.00025,0.3787878788,1.1591,EURUSD,1.0.0:21f874e75b4864aa,long:18:57,0.0,symbol-metadata-v1,1.16108,0.00031,0.4696969697,False
False,False,0.0,0.0,0.0,0.794872,-0.764569,long,1.16216,667,3e-05,2025-06-25 06:30,670,1.16177,3e-05,2025-06-25 06:45,baseline,-1.0,(),-1.794872,STOP,False,0.00031,666,2025-06-25 06:25,6e-05,0.1538461538,2.5,25.0,0.00025,0.641025641,1.16177,EURUSD,1.0.0:21f874e75b4864aa,long:51:57,0.0,symbol-metadata-v1,1.16295,0.00031,0.7948717949,False
False,False,0.0,0.0,0.0,0.378049,-2.142618,long,1.17124,1323,3e-05,2025-06-27 13:10,1325,1.17042,3e-05,2025-06-27 13:20,baseline,-1.0,(),-1.378049,STOP,False,0.00031,1322,2025-06-27 13:05,6e-05,0.0731707317,2.5,25.0,0.00025,0.3048780488,1.17042,EURUSD,1.0.0:21f874e75b4864aa,long:56:53,0.0,symbol-metadata-v1,1.17288,0.00031,0.3780487805,False
False,False,0.0,0.0,0.0,0.254098,-3.396716,long,1.17283,1597,3e-05,2025-06-30 12:00,1611,1.17161,3e-05,2025-06-30 13:10,baseline,-1.0,(),-1.254098,STOP,False,0.00031,1596,2025-06-30 11:55,6e-05,0.0491803279,2.5,25.0,0.00025,0.2049180328,1.17161,EURUSD,1.0.0:21f874e75b4864aa,long:53:57,0.0,symbol-metadata-v1,1.17528,0.00031,0.2540983607,False
False,True,0.0,0.0,0.0,0.476923,-3.3736390000000003,long,1.17225,1615,3e-05,2025-06-30 13:30,1632,1.17225,3e-05,2025-06-30 14:55,baseline,0.5,"({'bar': 10, 'event': '+1R_REACHED'}, {'bar': 10, 'event': 'PARTIAL_TAKEN', 'fraction': 0.5}, {'bar': 10, 'event': 'BREAK_EVEN_ACTIVATED', 'new_stop': 1.17225})",0.023077,STOP,True,0.00031,1614,2025-06-30 13:25,6e-05,0.0923076923,2.5,25.0,0.00025,0.3846153846,1.1716,EURUSD,1.0.0:21f874e75b4864aa,long:35:57,0.0,symbol-metadata-v1,1.17356,0.00031,0.4769230769,False
False,False,0.0,0.0,0.0,0.413333,-4.7869720000000004,long,1.17891,1814,3e-05,2025-07-01 06:05,1846,1.17816,3e-05,2025-07-01 08:45,baseline,-1.0,(),-1.413333,STOP,False,0.00031,1813,2025-07-01 06:00,6e-05,0.08,2.5,25.0,0.00025,0.3333333333,1.17816,EURUSD,1.0.0:21f874e75b4864aa,long:39:55,0.0,symbol-metadata-v1,1.18041,0.00031,0.4133333333,False
False,True,0.0,0.0,0.0,0.242188,-4.52916,short,1.18111,1902,3e-05,2025-07-01 13:25,1942,1.18111,3e-05,2025-07-01 16:45,baseline,0.5,"({'bar': 35, 'event': '+1R_REACHED'}, {'bar': 35, 'event': 'PARTIAL_TAKEN', 'fraction': 0.5}, {'bar': 35, 'event': 'BREAK_EVEN_ACTIVATED', 'new_stop': 1.18111})",0.257812,STOP,True,0.00031,1901,2025-07-01 13:20,6e-05,0.046875,2.5,25.0,0.00025,0.1953125,1.18239,EURUSD,1.0.0:21f874e75b4864aa,short:48:57,0.0,symbol-metadata-v1,1.17855,0.00031,0.2421875,False
False,True,0.0,0.0,0.0,0.455882,-4.485042,long,1.17926,2423,3e-05,2025-07-03 08:50,2430,1.17926,3e-05,2025-07-03 09:25,baseline,0.5,"({'bar': 3, 'event': '+1R_REACHED'}, {'bar': 3, 'event': 'PARTIAL_TAKEN', 'fraction': 0.5}, {'bar': 3, 'event': 'BREAK_EVEN_ACTIVATED', 'new_stop': 1.17926})",0.044118,STOP,True,0.00031,2422,2025-07-03 08:45,6e-05,0.0882352941,2.5,25.0,0.00025,0.3676470588,1.17858,EURUSD,1.0.0:21f874e75b4864aa,long:57:57,0.0,symbol-metadata-v1,1.18062,0.00031,0.4558823529,False
False,False,0.0,0.0,0.0,0.516667,-6.001709,long,1.17334,3049,3e-05,2025-07-07 13:00,3054,1.17274,3e-05,2025-07-07 13:25,baseline,-1.0,(),-1.516667,STOP,False,0.00031,3048,2025-07-07 12:55,6e-05,0.1,2.5,25.0,0.00025,0.4166666667,1.17274,EURUSD,1.0.0:21f874e75b4864aa,long:41:58,0.0,symbol-metadata-v1,1.17454,0.00031,0.5166666667,False
False,False,0.0,0.0,0.0,0.469697,-7.471406,long,1.17311,3072,3e-05,2025-07-07 14:55,3075,1.17245,3e-05,2025-07-07 15:10,baseline,-1.0,(),-1.469697,STOP,False,0.00031,3071,2025-07-07 14:50,6e-05,0.0909090909,2.5,25.0,0.00025,0.3787878788,1.17245,EURUSD,1.0.0:21f874e75b4864aa,long:40:56,0.0,symbol-metadata-v1,1.17443,0.00031,0.4696969697,False
False,False,0.0,0.0,0.0,0.322917,-8.794323,long,1.17318,3350,3e-05,2025-07-08 14:05,3360,1.17222,3e-05,2025-07-08 14:55,baseline,-1.0,(),-1.322917,STOP,False,0.00031,3349,2025-07-08 14:00,6e-05,0.0625,2.5,25.0,0.00025,0.2604166667,1.17222,EURUSD,1.0.0:21f874e75b4864aa,long:41:56,0.0,symbol-metadata-v1,1.17511,0.00031,0.3229166667,False
False,True,0.0,0.0,0.0,0.574074,-8.868397,long,1.17349,3850,3e-05,2025-07-10 07:45,3866,1.17349,3e-05,2025-07-10 09:05,baseline,0.5,"({'bar': 13, 'event': '+1R_REACHED'}, {'bar': 13, 'event': 'PARTIAL_TAKEN', 'fraction': 0.5}, {'bar': 13, 'event': 'BREAK_EVEN_ACTIVATED', 'new_stop': 1.17349})",-0.074074,STOP,True,0.00031,3849,2025-07-10 07:40,6e-05,0.1111111111,2.5,25.0,0.00025,0.462962963,1.17295,EURUSD,1.0.0:21f874e75b4864aa,long:42:57,0.0,symbol-metadata-v1,1.17457,0.00031,0.5740740741,False
False,True,0.0,0.0,0.0,0.574074,-7.942470999999999,short,1.1688,4513,3e-05,2025-07-14 15:00,4527,1.16772,3e-05,2025-07-14 16:10,baseline,1.5,"({'bar': 6, 'event': '+1R_REACHED'}, {'bar': 6, 'event': 'PARTIAL_TAKEN', 'fraction': 0.5}, {'bar': 6, 'event': 'BREAK_EVEN_ACTIVATED', 'new_stop': 1.1688})",0.925926,TARGET,True,0.00031,4512,2025-07-14 14:55,6e-05,0.1111111111,2.5,25.0,0.00025,0.462962963,1.16934,EURUSD,1.0.0:21f874e75b4864aa,short:58:55,0.0,symbol-metadata-v1,1.16772,0.00031,0.5740740741,False
False,True,0.0,0.0,0.0,0.738095,-7.168660999999999,short,1.16213,5301,3e-05,2025-07-17 08:40,5305,1.16128,3e-05,2025-07-17 09:00,baseline,1.511905,"({'bar': 3, 'event': '+1R_REACHED'}, {'bar': 3, 'event': 'PARTIAL_TAKEN', 'fraction': 0.5}, {'bar': 3, 'event': 'BREAK_EVEN_ACTIVATED', 'new_stop': 1.16213})",0.77381,TARGET,True,0.00031,5300,2025-07-17 08:35,6e-05,0.1428571429,2.5,25.0,0.00025,0.5952380952,1.16255,EURUSD,1.0.0:21f874e75b4864aa,short:32:57,0.0,symbol-metadata-v1,1.16128,0.00031,0.7380952381,False
False,False,0.0,0.0,0.0,0.508197,-8.676858,short,1.16947,6213,3e-05,2025-07-22 12:40,6214,1.17008,3e-05,2025-07-22 12:45,baseline,-1.0,(),-1.508197,STOP,False,0.00031,6212,2025-07-22 12:35,6e-05,0.0983606557,2.5,25.0,0.00025,0.4098360656,1.17008,EURUSD,1.0.0:21f874e75b4864aa,short:42:55,0.0,symbol-metadata-v1,1.16825,0.00031,0.5081967213,False
False,True,0.0,0.0,0.0,0.659574,-8.836431999999999,short,1.16988,6234,3e-05,2025-07-22 14:25,6235,1.16988,3e-05,2025-07-22 14:30,baseline,0.5,"({'bar': 0, 'event': '+1R_REACHED'}, {'bar': 0, 'event': 'PARTIAL_TAKEN', 'fraction': 0.5}, {'bar': 0, 'event': 'BREAK_EVEN_ACTIVATED', 'new_stop': 1.16988})",-0.159574,STOP,True,0.00031,6233,2025-07-22 14:20,6e-05,0.1276595745,2.5,25.0,0.00025,0.5319148936,1.17035,EURUSD,1.0.0:21f874e75b4864aa,short:54:58,0.0,symbol-metadata-v1,1.16894,0.00031,0.6595744681,False
False,False,0.0,0.0,0.0,0.364706,-10.201137999999998,long,1.17547,7286,3e-05,2025-07-28 06:05,7305,1.17462,3e-05,2025-07-28 07:40,baseline,-1.0,(),-1.364706,STOP,False,0.00031,7285,2025-07-28 06:00,6e-05,0.0705882353,2.5,25.0,0.00025,0.2941176471,1.17462,EURUSD,1.0.0:21f874e75b4864aa,long:48:58,0.0,symbol-metadata-v1,1.17716,0.00031,0.3647058824,False
False,True,0.0,0.0,0.0,0.516667,-9.217804999999998,short,1.15924,7576,3e-05,2025-07-29 06:15,7586,1.15804,3e-05,2025-07-29 07:05,baseline,1.5,"({'bar': 3, 'event': '+1R_REACHED'}, {'bar': 3, 'event': 'PARTIAL_TAKEN', 'fraction': 0.5}, {'bar': 3, 'event': 'BREAK_EVEN_ACTIVATED', 'new_stop': 1.15924})",0.983333,TARGET,True,0.00031,7575,2025-07-29 06:10,6e-05,0.1,2.5,25.0,0.00025,0.4166666667,1.15984,EURUSD,1.0.0:21f874e75b4864aa,short:37:57,0.0,symbol-metadata-v1,1.15804,0.00031,0.5166666667,False
False,False,0.0,0.0,0.0,0.462687,-10.680492,short,1.14328,8183,3e-05,2025-07-31 08:50,8185,1.14395,3e-05,2025-07-31 09:00,baseline,-1.0,(),-1.462687,STOP,False,0.00031,8182,2025-07-31 08:45,6e-05,0.0895522388,2.5,25.0,0.00025,0.3731343284,1.14395,EURUSD,1.0.0:21f874e75b4864aa,short:26:57,0.0,symbol-metadata-v1,1.14194,0.00031,0.4626865672,False
False,False,0.0,0.0,0.0,0.54386,-12.224352,short,1.14156,8459,3e-05,2025-08-01 07:50,8466,1.14213,3e-05,2025-08-01 08:25,baseline,-1.0,(),-1.54386,STOP,False,0.00031,8458,2025-08-01 07:45,6e-05,0.1052631579,2.5,25.0,0.00025,0.4385964912,1.14213,EURUSD,1.0.0:21f874e75b4864aa,short:52:56,0.0,symbol-metadata-v1,1.14041,0.00031,0.5438596491,False
False,True,0.0,0.0,0.0,0.344444,-11.068795999999999,short,1.14284,8483,3e-05,2025-08-01 09:50,8505,1.14104,3e-05,2025-08-01 11:40,baseline,1.5,"({'bar': 9, 'event': '+1R_REACHED'}, {'bar': 9, 'event': 'PARTIAL_TAKEN', 'fraction': 0.5}, {'bar': 9, 'event': 'BREAK_EVEN_ACTIVATED', 'new_stop': 1.14284})",1.155556,TARGET,True,0.00031,8482,2025-08-01 09:45,6e-05,0.0666666667,2.5,25.0,0.00025,0.2777777778,1.14374,EURUSD,1.0.0:21f874e75b4864aa,short:58:57,0.0,symbol-metadata-v1,1.14104,0.00031,0.3444444444,False
False,False,0.0,0.0,0.0,0.62,-12.688796,long,1.15581,9033,3e-05,2025-08-05 07:40,9040,1.15531,3e-05,2025-08-05 08:15,baseline,-1.0,(),-1.62,STOP,False,0.00031,9032,2025-08-05 07:35,6e-05,0.12,2.5,25.0,0.00025,0.5,1.15531,EURUSD,1.0.0:21f874e75b4864aa,long:52:57,0.0,symbol-metadata-v1,1.15681,0.00031,0.62,False
False,False,0.0,0.0,0.0,0.418919,-14.107715,long,1.15445,9095,3e-05,2025-08-05 12:50,9099,1.15371,3e-05,2025-08-05 13:10,baseline,-1.0,(),-1.418919,STOP,False,0.00031,9094,2025-08-05 12:45,6e-05,0.0810810811,2.5,25.0,0.00025,0.3378378378,1.15371,EURUSD,1.0.0:21f874e75b4864aa,long:31:58,0.0,symbol-metadata-v1,1.15593,0.00031,0.4189189189,False
False,True,0.0,0.0,0.0,1.068966,-14.676681,short,1.15768,9329,3e-05,2025-08-06 08:20,9335,1.15768,3e-05,2025-08-06 08:50,baseline,0.5,"({'bar': 5, 'event': '+1R_REACHED'}, {'bar': 5, 'event': 'PARTIAL_TAKEN', 'fraction': 0.5}, {'bar': 5, 'event': 'BREAK_EVEN_ACTIVATED', 'new_stop': 1.15768})",-0.568966,STOP,True,0.00031,9328,2025-08-06 08:15,6e-05,0.2068965517,2.5,25.0,0.00025,0.8620689655,1.15797,EURUSD,1.0.0:21f874e75b4864aa,short:58:58,0.0,symbol-metadata-v1,1.1571,0.00031,1.0689655172,False
False,False,0.0,0.0,0.0,0.574074,-16.250755,short,1.16692,9616,3e-05,2025-08-07 08:15,9623,1.16746,3e-05,2025-08-07 08:50,baseline,-1.0,(),-1.574074,STOP,False,0.00031,9615,2025-08-07 08:10,6e-05,0.1111111111,2.5,25.0,0.00025,0.462962963,1.16746,EURUSD,1.0.0:21f874e75b4864aa,short:34:57,0.0,symbol-metadata-v1,1.16583,0.00031,0.5740740741,False
False,False,0.0,0.0,0.0,0.364706,-17.615461000000003,long,1.16459,10253,3e-05,2025-08-11 13:20,10265,1.16374,3e-05,2025-08-11 14:20,baseline,-1.0,(),-1.364706,STOP,False,0.00031,10252,2025-08-11 13:15,6e-05,0.0705882353,2.5,25.0,0.00025,0.2941176471,1.16374,EURUSD,1.0.0:21f874e75b4864aa,long:55:54,0.0,symbol-metadata-v1,1.16628,0.00031,0.3647058824,False
False,True,0.0,0.0,0.0,0.469697,-17.585158000000003,short,1.16893,11129,3e-05,2025-08-14 14:20,11135,1.16893,3e-05,2025-08-14 14:50,baseline,0.5,"({'bar': 1, 'event': '+1R_REACHED'}, {'bar': 1, 'event': 'PARTIAL_TAKEN', 'fraction': 0.5}, {'bar': 1, 'event': 'BREAK_EVEN_ACTIVATED', 'new_stop': 1.16893})",0.030303,STOP,True,0.00031,11128,2025-08-14 14:15,6e-05,0.0909090909,2.5,25.0,0.00025,0.3787878788,1.16959,EURUSD,1.0.0:21f874e75b4864aa,short:39:57,0.0,symbol-metadata-v1,1.16761,0.00031,0.4696969697,False
False,False,0.0,0.0,0.0,0.508197,-19.093355000000003,short,1.16828,11409,3e-05,2025-08-15 13:40,11413,1.16889,3e-05,2025-08-15 14:00,baseline,-1.0,(),-1.508197,STOP,False,0.00031,11408,2025-08-15 13:35,6e-05,0.0983606557,2.5,25.0,0.00025,0.4098360656,1.16889,EURUSD,1.0.0:21f874e75b4864aa,short:51:58,0.0,symbol-metadata-v1,1.16707,0.00031,0.5081967213,False
False,False,0.0,0.0,0.0,0.794872,-20.888227000000004,short,1.16324,12206,3e-05,2025-08-20 08:05,12209,1.16363,3e-05,2025-08-20 08:20,baseline,-1.0,(),-1.794872,STOP,False,0.00031,12205,2025-08-20 08:00,6e-05,0.1538461538,2.5,25.0,0.00025,0.641025641,1.16363,EURUSD,1.0.0:21f874e75b4864aa,short:49:56,0.0,symbol-metadata-v1,1.16247,0.00031,0.7948717949,False
False,False,0.0,0.0,0.0,0.407895,-22.296122000000004,short,1.16359,12248,3e-05,2025-08-20 11:35,12260,1.16435,3e-05,2025-08-20 12:35,baseline,-1.0,(),-1.407895,STOP,False,0.00031,12247,2025-08-20 11:30,6e-05,0.0789473684,2.5,25.0,0.00025,0.3289473684,1.16435,EURUSD,1.0.0:21f874e75b4864aa,short:7:56,0.0,symbol-metadata-v1,1.16208,0.00031,0.4078947368,False
False,True,0.0,0.0,0.0,0.534483,-22.330605000000006,long,1.16998,13046,3e-05,2025-08-25 06:05,13078,1.16998,3e-05,2025-08-25 08:45,baseline,0.5,"({'bar': 6, 'event': '+1R_REACHED'}, {'bar': 6, 'event': 'PARTIAL_TAKEN', 'fraction': 0.5}, {'bar': 6, 'event': 'BREAK_EVEN_ACTIVATED', 'new_stop': 1.16998})",-0.034483,STOP,True,0.00031,13045,2025-08-25 06:00,6e-05,0.1034482759,2.5,25.0,0.00025,0.4310344828,1.1694,EURUSD,1.0.0:21f874e75b4864aa,long:44:58,0.0,symbol-metadata-v1,1.17113,0.00031,0.5344827586,False
False,False,0.0,0.0,0.0,0.688889,-24.019494000000005,long,1.1696,14799,3e-05,2025-09-02 08:10,14801,1.16915,3e-05,2025-09-02 08:20,baseline,-1.0,(),-1.688889,STOP,False,0.00031,14798,2025-09-02 08:05,6e-05,0.1333333333,2.5,25.0,0.00025,0.5555555556,1.16915,EURUSD,1.0.0:21f874e75b4864aa,long:45:55,0.0,symbol-metadata-v1,1.1705,0.00031,0.6888888889,False
False,True,0.0,0.0,0.0,0.62,-24.139494000000006,long,1.17253,16021,3e-05,2025-09-08 14:00,16026,1.17253,3e-05,2025-09-08 14:25,baseline,0.5,"({'bar': 3, 'event': '+1R_REACHED'}, {'bar': 3, 'event': 'PARTIAL_TAKEN', 'fraction': 0.5}, {'bar': 3, 'event': 'BREAK_EVEN_ACTIVATED', 'new_stop': 1.17253})",-0.12,STOP,True,0.00031,16020,2025-09-08 13:55,6e-05,0.12,2.5,25.0,0.00025,0.5,1.17203,EURUSD,1.0.0:21f874e75b4864aa,long:48:54,0.0,symbol-metadata-v1,1.17353,0.00031,0.62,False
False,True,0.0,0.0,0.0,0.645833,-23.295744000000006,long,1.17671,16229,3e-05,2025-09-09 07:20,16238,1.17766,3e-05,2025-09-09 08:05,baseline,1.489583,"({'bar': 5, 'event': '+1R_REACHED'}, {'bar': 5, 'event': 'PARTIAL_TAKEN', 'fraction': 0.5}, {'bar': 5, 'event': 'BREAK_EVEN_ACTIVATED', 'new_stop': 1.17671})",0.84375,TARGET,True,0.00031,16228,2025-09-09 07:15,6e-05,0.125,2.5,25.0,0.00025,0.5208333333,1.17623,EURUSD,1.0.0:21f874e75b4864aa,long:58:55,0.0,symbol-metadata-v1,1.17766,0.00031,0.6458333333,False
False,True,0.0,0.0,0.0,0.704545,-23.500289000000006,short,1.17108,16534,3e-05,2025-09-10 08:45,16538,1.17108,3e-05,2025-09-10 09:05,baseline,0.5,"({'bar': 1, 'event': '+1R_REACHED'}, {'bar': 1, 'event': 'PARTIAL_TAKEN', 'fraction': 0.5}, {'bar': 1, 'event': 'BREAK_EVEN_ACTIVATED', 'new_stop': 1.17108})",-0.204545,STOP,True,0.00031,16533,2025-09-10 08:40,6e-05,0.1363636364,2.5,25.0,0.00025,0.5681818182,1.17152,EURUSD,1.0.0:21f874e75b4864aa,short:28:55,0.0,symbol-metadata-v1,1.1702,0.00031,0.7045454545,False
False,False,0.0,0.0,0.0,0.738095,-25.238384000000007,long,1.18046,19103,3e-05,2025-09-23 06:50,19108,1.18004,3e-05,2025-09-23 07:15,baseline,-1.0,(),-1.738095,STOP,False,0.00031,19102,2025-09-23 06:45,6e-05,0.1428571429,2.5,25.0,0.00025,0.5952380952,1.18004,EURUSD,1.0.0:21f874e75b4864aa,long:26:57,0.0,symbol-metadata-v1,1.18129,0.00031,0.7380952381,False
False,True,0.0,0.0,0.0,0.508197,-24.246581000000006,short,1.17238,21695,3e-05,2025-10-06 06:55,21722,1.17116,3e-05,2025-10-06 09:10,baseline,1.5,"({'bar': 15, 'event': '+1R_REACHED'}, {'bar': 15, 'event': 'PARTIAL_TAKEN', 'fraction': 0.5}, {'bar': 15, 'event': 'BREAK_EVEN_ACTIVATED', 'new_stop': 1.17238})",0.991803,TARGET,True,0.00031,21694,2025-10-06 06:50,6e-05,0.0983606557,2.5,25.0,0.00025,0.4098360656,1.17299,EURUSD,1.0.0:21f874e75b4864aa,short:56:56,0.0,symbol-metadata-v1,1.17116,0.00031,0.5081967213,False
False,False,0.0,0.0,0.0,0.298077,-25.544658000000005,long,1.15928,23197,3e-05,2025-10-13 12:05,23212,1.15824,3e-05,2025-10-13 13:20,baseline,-1.0,(),-1.298077,STOP,False,0.00031,23196,2025-10-13 12:00,6e-05,0.0576923077,2.5,25.0,0.00025,0.2403846154,1.15824,EURUSD,1.0.0:21f874e75b4864aa,long:34:58,0.0,symbol-metadata-v1,1.16136,0.00031,0.2980769231,False
False,True,0.0,0.0,0.0,0.534483,-25.579141000000007,long,1.16586,24021,3e-05,2025-10-16 08:50,24029,1.16586,3e-05,2025-10-16 09:30,baseline,0.5,"({'bar': 4, 'event': '+1R_REACHED'}, {'bar': 4, 'event': 'PARTIAL_TAKEN', 'fraction': 0.5}, {'bar': 4, 'event': 'BREAK_EVEN_ACTIVATED', 'new_stop': 1.16586})",-0.034483,STOP,True,0.00031,24020,2025-10-16 08:45,6e-05,0.1034482759,2.5,25.0,0.00025,0.4310344828,1.16528,EURUSD,1.0.0:21f874e75b4864aa,long:57:56,0.0,symbol-metadata-v1,1.16701,0.00031,0.5344827586,False
False,False,0.0,0.0,0.0,0.382716,-26.961857000000006,long,1.17001,24369,3e-05,2025-10-17 13:50,24369,1.1692,3e-05,2025-10-17 13:50,baseline,-1.0,(),-1.382716,STOP,False,0.00031,24368,2025-10-17 13:45,6e-05,0.0740740741,2.5,25.0,0.00025,0.3086419753,1.1692,EURUSD,1.0.0:21f874e75b4864aa,long:56:57,0.0,symbol-metadata-v1,1.17164,0.00031,0.3827160494,False
False,False,0.0,0.0,0.0,0.704545,-28.666402000000005,short,1.16058,25143,3e-05,2025-10-22 06:20,25163,1.16102,3e-05,2025-10-22 08:00,baseline,-1.0,(),-1.704545,STOP,False,0.00031,25142,2025-10-22 06:15,6e-05,0.1363636364,2.5,25.0,0.00025,0.5681818182,1.16102,EURUSD,1.0.0:21f874e75b4864aa,short:34:52,0.0,symbol-metadata-v1,1.15971,0.00031,0.7045454545,False
False,True,0.0,0.0,0.0,0.525424,-27.691826000000006,short,1.15979,25496,3e-05,2025-10-23 11:45,25522,1.15861,3e-05,2025-10-23 13:55,baseline,1.5,"({'bar': 15, 'event': '+1R_REACHED'}, {'bar': 15, 'event': 'PARTIAL_TAKEN', 'fraction': 0.5}, {'bar': 15, 'event': 'BREAK_EVEN_ACTIVATED', 'new_stop': 1.15979})",0.974576,TARGET,True,0.00031,25495,2025-10-23 11:40,6e-05,0.1016949153,2.5,25.0,0.00025,0.4237288136,1.16038,EURUSD,1.0.0:21f874e75b4864aa,short:46:56,0.0,symbol-metadata-v1,1.15861,0.00031,0.5254237288,False
False,True,0.0,0.0,0.0,1.347826,-28.539652000000007,long,1.16085,25720,3e-05,2025-10-24 06:25,25726,1.16085,3e-05,2025-10-24 06:55,baseline,0.5,"({'bar': 5, 'event': '+1R_REACHED'}, {'bar': 5, 'event': 'PARTIAL_TAKEN', 'fraction': 0.5}, {'bar': 5, 'event': 'BREAK_EVEN_ACTIVATED', 'new_stop': 1.16085})",-0.847826,STOP,True,0.00031,25719,2025-10-24 06:20,6e-05,0.2608695652,2.5,25.0,0.00025,1.0869565217,1.16062,EURUSD,1.0.0:21f874e75b4864aa,long:58:58,0.0,symbol-metadata-v1,1.16131,0.00031,1.347826087,False
False,False,0.0,0.0,0.0,1.409091,-30.948743000000007,long,1.1607,25739,3e-05,2025-10-24 08:00,25744,1.16048,3e-05,2025-10-24 08:25,baseline,-1.0,(),-2.409091,STOP,False,0.00031,25738,2025-10-24 07:55,6e-05,0.2727272727,2.5,25.0,0.00025,1.1363636364,1.16048,EURUSD,1.0.0:21f874e75b4864aa,long:39:57,0.0,symbol-metadata-v1,1.16114,0.00031,1.4090909091,False
False,True,0.0,0.0,0.0,0.584906,-31.033649000000008,long,1.16269,26035,3e-05,2025-10-27 08:40,26042,1.16269,3e-05,2025-10-27 09:15,baseline,0.5,"({'bar': 5, 'event': '+1R_REACHED'}, {'bar': 5, 'event': 'PARTIAL_TAKEN', 'fraction': 0.5}, {'bar': 5, 'event': 'BREAK_EVEN_ACTIVATED', 'new_stop': 1.16269})",-0.084906,STOP,True,0.00031,26034,2025-10-27 08:35,6e-05,0.1132075472,2.5,25.0,0.00025,0.4716981132,1.16216,EURUSD,1.0.0:21f874e75b4864aa,long:52:56,0.0,symbol-metadata-v1,1.16374,0.00031,0.5849056604,False
False,True,0.0,0.0,0.0,1.291667,-30.804482000000007,long,1.16577,26300,3e-05,2025-10-28 06:45,26301,1.16626,3e-05,2025-10-28 06:50,baseline,1.520833,"({'bar': 0, 'event': '+1R_REACHED'}, {'bar': 0, 'event': 'PARTIAL_TAKEN', 'fraction': 0.5}, {'bar': 0, 'event': 'BREAK_EVEN_ACTIVATED', 'new_stop': 1.16577})",0.229167,TARGET,True,0.00031,26299,2025-10-28 06:40,6e-05,0.25,2.5,25.0,0.00025,1.0416666667,1.16553,EURUSD,1.0.0:21f874e75b4864aa,long:47:58,0.0,symbol-metadata-v1,1.16626,0.00031,1.2916666667,False
False,True,0.0,0.0,0.0,0.534483,-30.83896500000001,short,1.16425,26678,3e-05,2025-10-29 14:15,26685,1.16425,3e-05,2025-10-29 14:50,baseline,0.5,"({'bar': 1, 'event': '+1R_REACHED'}, {'bar': 1, 'event': 'PARTIAL_TAKEN', 'fraction': 0.5}, {'bar': 1, 'event': 'BREAK_EVEN_ACTIVATED', 'new_stop': 1.16425})",-0.034483,STOP,True,0.00031,26677,2025-10-29 14:10,6e-05,0.1034482759,2.5,25.0,0.00025,0.4310344828,1.16483,EURUSD,1.0.0:21f874e75b4864aa,short:53:57,0.0,symbol-metadata-v1,1.16308,0.00031,0.5344827586,False
False,False,0.0,0.0,0.0,0.469697,-32.30866200000001,long,1.15186,27531,3e-05,2025-11-03 13:20,27553,1.1512,3e-05,2025-11-03 15:10,baseline,-1.0,(),-1.469697,STOP,False,0.00031,27530,2025-11-03 13:15,6e-05,0.0909090909,2.5,25.0,0.00025,0.3787878788,1.1512,EURUSD,1.0.0:21f874e75b4864aa,long:50:56,0.0,symbol-metadata-v1,1.15318,0.00031,0.4696969697,False
False,False,0.0,0.0,0.0,0.939394,-34.24805600000001,short,1.15585,28898,3e-05,2025-11-10 07:15,28899,1.15618,3e-05,2025-11-10 07:20,baseline,-1.0,(),-1.939394,STOP,False,0.00031,28897,2025-11-10 07:10,6e-05,0.1818181818,2.5,25.0,0.00025,0.7575757576,1.15618,EURUSD,1.0.0:21f874e75b4864aa,short:51:55,0.0,symbol-metadata-v1,1.15519,0.00031,0.9393939394,False
False,True,0.0,0.0,0.0,0.673913,-34.42196900000001,short,1.15605,28912,3e-05,2025-11-10 08:25,28921,1.15605,3e-05,2025-11-10 09:10,baseline,0.5,"({'bar': 4, 'event': '+1R_REACHED'}, {'bar': 4, 'event': 'PARTIAL_TAKEN', 'fraction': 0.5}, {'bar': 4, 'event': 'BREAK_EVEN_ACTIVATED', 'new_stop': 1.15605})",-0.173913,STOP,True,0.00031,28911,2025-11-10 08:20,6e-05,0.1304347826,2.5,25.0,0.00025,0.5434782609,1.15651,EURUSD,1.0.0:21f874e75b4864aa,short:37:56,0.0,symbol-metadata-v1,1.15513,0.00031,0.6739130435,False
False,True,0.0,0.0,0.0,1.291667,-34.192802000000015,short,1.1561,29198,3e-05,2025-11-11 08:15,29203,1.15561,3e-05,2025-11-11 08:40,baseline,1.520833,"({'bar': 4, 'event': '+1R_REACHED'}, {'bar': 4, 'event': 'PARTIAL_TAKEN', 'fraction': 0.5}, {'bar': 4, 'event': 'BREAK_EVEN_ACTIVATED', 'new_stop': 1.1561})",0.229167,TARGET,True,0.00031,29197,2025-11-11 08:10,6e-05,0.25,2.5,25.0,0.00025,1.0416666667,1.15634,EURUSD,1.0.0:21f874e75b4864aa,short:45:57,0.0,symbol-metadata-v1,1.15561,0.00031,1.2916666667,False
False,False,0.0,0.0,0.0,0.775,-35.96780200000001,long,1.15847,30699,3e-05,2025-11-18 13:20,30700,1.15807,3e-05,2025-11-18 13:25,baseline,-1.0,(),-1.775,STOP,False,0.00031,30698,2025-11-18 13:15,6e-05,0.15,2.5,25.0,0.00025,0.625,1.15807,EURUSD,1.0.0:21f874e75b4864aa,long:43:57,0.0,symbol-metadata-v1,1.15927,0.00031,0.775,False
False,True,0.0,0.0,0.0,0.62,-36.08780200000001,long,1.15851,30702,3e-05,2025-11-18 13:35,30712,1.15851,3e-05,2025-11-18 14:25,baseline,0.5,"({'bar': 7, 'event': '+1R_REACHED'}, {'bar': 7, 'event': 'PARTIAL_TAKEN', 'fraction': 0.5}, {'bar': 7, 'event': 'BREAK_EVEN_ACTIVATED', 'new_stop': 1.15851})",-0.12,STOP,True,0.00031,30701,2025-11-18 13:30,6e-05,0.12,2.5,25.0,0.00025,0.5,1.15801,EURUSD,1.0.0:21f874e75b4864aa,long:40:58,0.0,symbol-metadata-v1,1.15951,0.00031,0.62,False
False,False,0.0,0.0,0.0,0.72093,-37.80873200000001,short,1.1587,30935,3e-05,2025-11-19 09:00,30941,1.15913,3e-05,2025-11-19 09:30,baseline,-1.0,(),-1.72093,STOP,False,0.00031,30934,2025-11-19 08:55,6e-05,0.1395348837,2.5,25.0,0.00025,0.5813953488,1.15913,EURUSD,1.0.0:21f874e75b4864aa,short:54:57,0.0,symbol-metadata-v1,1.15785,0.00031,0.7209302326,False
False,False,0.0,0.0,0.0,0.469697,-39.27842900000002,long,1.15213,31564,3e-05,2025-11-21 13:30,31566,1.15147,3e-05,2025-11-21 13:40,baseline,-1.0,(),-1.469697,STOP,False,0.00031,31563,2025-11-21 13:25,6e-05,0.0909090909,2.5,25.0,0.00025,0.3787878788,1.15147,EURUSD,1.0.0:21f874e75b4864aa,long:58:57,0.0,symbol-metadata-v1,1.15398,0.00031,0.4696969697,False
False,False,0.0,0.0,0.0,0.149038,-40.427467000000014,long,1.15166,31577,3e-05,2025-11-21 14:35,31619,1.14958,3e-05,2025-11-21 18:05,baseline,-1.0,(),-1.149038,STOP,False,0.00031,31576,2025-11-21 14:30,6e-05,0.0288461538,2.5,25.0,0.00025,0.1201923077,1.14958,EURUSD,1.0.0:21f874e75b4864aa,long:45:57,0.0,symbol-metadata-v1,1.15582,0.00031,0.1490384615,False
False,True,0.0,0.0,0.0,0.584906,-39.51237300000001,long,1.15169,32074,3e-05,2025-11-25 08:00,32092,1.15275,3e-05,2025-11-25 09:30,baseline,1.5,"({'bar': 12, 'event': '+1R_REACHED'}, {'bar': 12, 'event': 'PARTIAL_TAKEN', 'fraction': 0.5}, {'bar': 12, 'event': 'BREAK_EVEN_ACTIVATED', 'new_stop': 1.15169})",0.915094,TARGET,True,0.00031,32073,2025-11-25 07:55,6e-05,0.1132075472,2.5,25.0,0.00025,0.4716981132,1.15116,EURUSD,1.0.0:21f874e75b4864aa,long:18:54,0.0,symbol-metadata-v1,1.15275,0.00031,0.5849056604,False
False,False,0.0,0.0,0.0,0.738095,-41.25046800000001,short,1.15866,32929,3e-05,2025-11-28 07:15,32929,1.15908,3e-05,2025-11-28 07:15,baseline,-1.0,(),-1.738095,STOP,False,0.00031,32928,2025-11-28 07:10,6e-05,0.1428571429,2.5,25.0,0.00025,0.5952380952,1.15908,EURUSD,1.0.0:21f874e75b4864aa,short:50:58,0.0,symbol-metadata-v1,1.15783,0.00031,0.7380952381,False
False,False,0.0,0.0,0.0,0.815789,-43.066257000000014,long,1.15988,33208,3e-05,2025-12-01 06:30,33222,1.1595,3e-05,2025-12-01 07:40,baseline,-1.0,(),-1.815789,STOP,False,0.00031,33207,2025-12-01 06:25,6e-05,0.1578947368,2.5,25.0,0.00025,0.6578947368,1.1595,EURUSD,1.0.0:21f874e75b4864aa,long:32:57,0.0,symbol-metadata-v1,1.16064,0.00031,0.8157894737,False
False,False,0.0,0.0,0.0,1.55,-45.61625700000001,long,1.1659,34079,3e-05,2025-12-04 07:05,34082,1.1657,3e-05,2025-12-04 07:20,baseline,-1.0,(),-2.55,STOP,False,0.00031,34078,2025-12-04 07:00,6e-05,0.3,2.5,25.0,0.00025,1.25,1.1657,EURUSD,1.0.0:21f874e75b4864aa,long:18:58,0.0,symbol-metadata-v1,1.1663,0.00031,1.55,False
False,True,0.0,0.0,0.0,1.107143,-46.22340000000001,long,1.17186,37249,3e-05,2025-12-19 07:15,37264,1.17186,3e-05,2025-12-19 08:30,baseline,0.5,"({'bar': 10, 'event': '+1R_REACHED'}, {'bar': 10, 'event': 'PARTIAL_TAKEN', 'fraction': 0.5}, {'bar': 10, 'event': 'BREAK_EVEN_ACTIVATED', 'new_stop': 1.17186})",-0.607143,STOP,True,0.00031,37248,2025-12-19 07:10,6e-05,0.2142857143,2.5,25.0,0.00025,0.8928571429,1.17158,EURUSD,1.0.0:21f874e75b4864aa,long:38:54,0.0,symbol-metadata-v1,1.17243,0.00031,1.1071428571,False
False,True,0.0,0.0,0.0,0.96875,-46.69215000000001,short,1.17188,37542,3e-05,2025-12-22 07:40,37549,1.17188,3e-05,2025-12-22 08:15,baseline,0.5,"({'bar': 0, 'event': '+1R_REACHED'}, {'bar': 0, 'event': 'PARTIAL_TAKEN', 'fraction': 0.5}, {'bar': 0, 'event': 'BREAK_EVEN_ACTIVATED', 'new_stop': 1.17188})",-0.46875,STOP,True,0.00031,37541,2025-12-22 07:35,6e-05,0.1875,2.5,25.0,0.00025,0.78125,1.1722,EURUSD,1.0.0:21f874e75b4864aa,short:39:54,0.0,symbol-metadata-v1,1.17124,0.00031,0.96875,False
False,True,0.0,0.0,0.0,0.563636,-45.755786000000015,short,1.17921,38189,3e-05,2025-12-24 13:35,38225,1.17811,3e-05,2025-12-24 16:35,baseline,1.5,"({'bar': 13, 'event': '+1R_REACHED'}, {'bar': 13, 'event': 'PARTIAL_TAKEN', 'fraction': 0.5}, {'bar': 13, 'event': 'BREAK_EVEN_ACTIVATED', 'new_stop': 1.17921})",0.936364,TARGET,True,0.00031,38188,2025-12-24 13:30,6e-05,0.1090909091,2.5,25.0,0.00025,0.4545454545,1.17976,EURUSD,1.0.0:21f874e75b4864aa,short:50:56,0.0,symbol-metadata-v1,1.17811,0.00031,0.5636363636,False
False,False,0.0,0.0,0.0,0.837838,-47.59362400000001,short,1.17749,38471,3e-05,2025-12-26 13:05,38474,1.17786,3e-05,2025-12-26 13:20,baseline,-1.0,(),-1.837838,STOP,False,0.00031,38470,2025-12-26 13:00,6e-05,0.1621621622,2.5,25.0,0.00025,0.6756756757,1.17786,EURUSD,1.0.0:21f874e75b4864aa,short:57:54,0.0,symbol-metadata-v1,1.17675,0.00031,0.8378378378,False
False,True,0.0,0.0,0.0,0.516667,-47.61029100000001,long,1.17199,39620,3e-05,2026-01-02 12:50,39652,1.17199,3e-05,2026-01-02 15:30,baseline,0.5,"({'bar': 22, 'event': '+1R_REACHED'}, {'bar': 22, 'event': 'PARTIAL_TAKEN', 'fraction': 0.5}, {'bar': 22, 'event': 'BREAK_EVEN_ACTIVATED', 'new_stop': 1.17199})",-0.016667,STOP,True,0.00031,39619,2026-01-02 12:45,6e-05,0.1,2.5,25.0,0.00025,0.4166666667,1.17139,EURUSD,1.0.0:21f874e75b4864aa,long:46:57,0.0,symbol-metadata-v1,1.17318,0.00031,0.5166666667,False
False,False,0.0,0.0,0.0,0.402597,-49.01288800000001,long,1.1717,40194,3e-05,2026-01-06 12:40,40199,1.17093,3e-05,2026-01-06 13:05,baseline,-1.0,(),-1.402597,STOP,False,0.00031,40193,2026-01-06 12:35,6e-05,0.0779220779,2.5,25.0,0.00025,0.3246753247,1.17093,EURUSD,1.0.0:21f874e75b4864aa,long:55:58,0.0,symbol-metadata-v1,1.17323,0.00031,0.4025974026,False
False,True,0.0,0.0,0.0,1.409091,-49.92197900000001,short,1.16441,41851,3e-05,2026-01-14 06:45,41868,1.16441,3e-05,2026-01-14 08:10,baseline,0.5,"({'bar': 12, 'event': '+1R_REACHED'}, {'bar': 12, 'event': 'PARTIAL_TAKEN', 'fraction': 0.5}, {'bar': 12, 'event': 'BREAK_EVEN_ACTIVATED', 'new_stop': 1.16441})",-0.909091,STOP,True,0.00031,41850,2026-01-14 06:40,6e-05,0.2727272727,2.5,25.0,0.00025,1.1363636364,1.16463,EURUSD,1.0.0:21f874e75b4864aa,short:57:58,0.0,symbol-metadata-v1,1.16381,0.00031,1.4090909091,False
False,False,0.0,0.0,0.0,2.214286,-53.13626500000001,short,1.1634,42220,3e-05,2026-01-15 13:30,42220,1.16354,3e-05,2026-01-15 13:30,baseline,-1.0,(),-3.214286,STOP,False,0.00031,42219,2026-01-15 13:25,6e-05,0.4285714286,2.5,25.0,0.00025,1.7857142857,1.16354,EURUSD,1.0.0:21f874e75b4864aa,short:37:58,0.0,symbol-metadata-v1,1.16313,0.00031,2.2142857143,False
False,True,0.0,0.0,0.0,0.911765,-52.54803000000001,long,1.1747,43866,3e-05,2026-01-23 06:40,43874,1.17538,3e-05,2026-01-23 07:20,baseline,1.5,"({'bar': 2, 'event': '+1R_REACHED'}, {'bar': 2, 'event': 'PARTIAL_TAKEN', 'fraction': 0.5}, {'bar': 2, 'event': 'BREAK_EVEN_ACTIVATED', 'new_stop': 1.1747})",0.588235,TARGET,True,0.00031,43865,2026-01-23 06:35,6e-05,0.1764705882,2.5,25.0,0.00025,0.7352941176,1.17436,EURUSD,1.0.0:21f874e75b4864aa,long:52:58,0.0,symbol-metadata-v1,1.17538,0.00031,0.9117647059,False
False,False,0.0,0.0,0.0,0.62,-54.16803000000001,short,1.18092,45886,3e-05,2026-02-03 07:00,45900,1.18142,3e-05,2026-02-03 08:10,baseline,-1.0,(),-1.62,STOP,False,0.00031,45885,2026-02-03 06:55,6e-05,0.12,2.5,25.0,0.00025,0.5,1.18142,EURUSD,1.0.0:21f874e75b4864aa,short:40:57,0.0,symbol-metadata-v1,1.17992,0.00031,0.62,False
False,False,0.0,0.0,0.0,0.430556,-55.59858600000001,short,1.19081,47611,3e-05,2026-02-11 06:45,47619,1.19153,3e-05,2026-02-11 07:25,baseline,-1.0,(),-1.430556,STOP,False,0.00031,47610,2026-02-11 06:40,6e-05,0.0833333333,2.5,25.0,0.00025,0.3472222222,1.19153,EURUSD,1.0.0:21f874e75b4864aa,short:49:54,0.0,symbol-metadata-v1,1.18936,0.00031,0.4305555556,False
False,False,0.0,0.0,0.0,0.306931,-53.91541800000001,long,1.18567,48224,3e-05,2026-02-13 09:50,48292,1.18768,3e-05,2026-02-13 15:30,baseline,1.990099,(),1.683168,TARGET,False,0.00031,48223,2026-02-13 09:45,6e-05,0.0594059406,2.5,25.0,0.00025,0.2475247525,1.18466,EURUSD,1.0.0:21f874e75b4864aa,long:44:57,0.0,symbol-metadata-v1,1.18768,0.00031,0.3069306931,False
False,False,0.0,0.0,0.0,0.340659,-55.25607700000001,short,1.17756,50232,3e-05,2026-02-24 09:10,50246,1.17847,3e-05,2026-02-24 10:20,baseline,-1.0,(),-1.340659,STOP,False,0.00031,50231,2026-02-24 09:05,6e-05,0.0659340659,2.5,25.0,0.00025,0.2747252747,1.17847,EURUSD,1.0.0:21f874e75b4864aa,short:8:56,0.0,symbol-metadata-v1,1.17574,0.00031,0.3406593407,False
False,True,0.0,0.0,0.0,0.96875,-54.52170200000001,long,1.1609,52535,3e-05,2026-03-06 09:05,52538,1.16167,3e-05,2026-03-06 09:20,baseline,1.703125,"({'bar': 2, 'event': '+1R_REACHED'}, {'bar': 2, 'event': 'PARTIAL_TAKEN', 'fraction': 0.5}, {'bar': 2, 'event': 'BREAK_EVEN_ACTIVATED', 'new_stop': 1.1609})",0.734375,TARGET,True,0.00031,52534,2026-03-06 09:00,6e-05,0.1875,2.5,25.0,0.00025,0.78125,1.16058,EURUSD,1.0.0:21f874e75b4864aa,long:19:55,0.0,symbol-metadata-v1,1.16167,0.00031,0.96875,False
False,True,0.0,0.0,0.0,0.164021,-54.18572300000001,short,1.15477,52833,3e-05,2026-03-09 09:55,52861,1.15477,3e-05,2026-03-09 12:15,baseline,0.5,"({'bar': 18, 'event': '+1R_REACHED'}, {'bar': 18, 'event': 'PARTIAL_TAKEN', 'fraction': 0.5}, {'bar': 18, 'event': 'BREAK_EVEN_ACTIVATED', 'new_stop': 1.15477})",0.335979,STOP,True,0.00031,52832,2026-03-09 09:50,6e-05,0.0317460317,2.5,25.0,0.00025,0.1322751323,1.15666,EURUSD,1.0.0:21f874e75b4864aa,short:14:56,0.0,symbol-metadata-v1,1.15098,0.00031,0.164021164,False
False,True,0.0,0.0,0.0,0.203947,-53.88967000000001,long,1.15324,54874,3e-05,2026-03-18 12:00,54903,1.15324,3e-05,2026-03-18 14:25,baseline,0.5,"({'bar': 26, 'event': '+1R_REACHED'}, {'bar': 26, 'event': 'PARTIAL_TAKEN', 'fraction': 0.5}, {'bar': 26, 'event': 'BREAK_EVEN_ACTIVATED', 'new_stop': 1.15324})",0.296053,STOP,True,0.00031,54873,2026-03-18 11:55,6e-05,0.0394736842,2.5,25.0,0.00025,0.1644736842,1.15172,EURUSD,1.0.0:21f874e75b4864aa,long:34:53,0.0,symbol-metadata-v1,1.15627,0.00031,0.2039473684,False
False,True,0.0,0.0,0.0,0.645833,-53.04592000000001,short,1.15654,56560,3e-05,2026-03-26 08:30,56568,1.15559,3e-05,2026-03-26 09:10,baseline,1.489583,"({'bar': 4, 'event': '+1R_REACHED'}, {'bar': 4, 'event': 'PARTIAL_TAKEN', 'fraction': 0.5}, {'bar': 4, 'event': 'BREAK_EVEN_ACTIVATED', 'new_stop': 1.15654})",0.84375,TARGET,True,0.00031,56559,2026-03-26 08:25,6e-05,0.125,2.5,25.0,0.00025,0.5208333333,1.15702,EURUSD,1.0.0:21f874e75b4864aa,short:22:55,0.0,symbol-metadata-v1,1.15559,0.00031,0.6458333333,False
False,False,0.0,0.0,0.0,0.96875,-55.01467000000001,long,1.15488,57979,3e-05,2026-04-02 06:45,57979,1.15456,3e-05,2026-04-02 06:45,baseline,-1.0,(),-1.96875,STOP,False,0.00031,57978,2026-04-02 06:40,6e-05,0.1875,2.5,25.0,0.00025,0.78125,1.15456,EURUSD,1.0.0:21f874e75b4864aa,long:36:58,0.0,symbol-metadata-v1,1.15552,0.00031,0.96875,False
False,False,0.0,0.0,0.0,0.704545,-56.71921500000001,short,1.15411,58340,3e-05,2026-04-03 12:50,58351,1.15455,3e-05,2026-04-03 13:45,baseline,-1.0,(),-1.704545,STOP,False,0.00031,58339,2026-04-03 12:45,6e-05,0.1363636364,2.5,25.0,0.00025,0.5681818182,1.15455,EURUSD,1.0.0:21f874e75b4864aa,short:24:55,0.0,symbol-metadata-v1,1.15324,0.00031,0.7045454545,False
False,False,0.0,0.0,0.0,1.347826,-56.11051900000001,short,1.15364,58863,3e-05,2026-04-07 08:25,58866,1.15319,3e-05,2026-04-07 08:40,baseline,1.956522,(),0.608696,TARGET,False,0.00031,58862,2026-04-07 08:20,6e-05,0.2608695652,2.5,25.0,0.00025,1.0869565217,1.15387,EURUSD,1.0.0:21f874e75b4864aa,short:33:58,0.0,symbol-metadata-v1,1.15319,0.00031,1.347826087,False
False,True,0.0,0.0,0.0,0.344444,-54.95496300000001,short,1.15646,58916,3e-05,2026-04-07 12:50,58923,1.15466,3e-05,2026-04-07 13:25,baseline,1.5,"({'bar': 3, 'event': '+1R_REACHED'}, {'bar': 3, 'event': 'PARTIAL_TAKEN', 'fraction': 0.5}, {'bar': 3, 'event': 'BREAK_EVEN_ACTIVATED', 'new_stop': 1.15646})",1.155556,TARGET,True,0.00031,58915,2026-04-07 12:45,6e-05,0.0666666667,2.5,25.0,0.00025,0.2777777778,1.15736,EURUSD,1.0.0:21f874e75b4864aa,short:47:56,0.0,symbol-metadata-v1,1.15466,0.00031,0.3444444444,False
False,False,0.0,0.0,0.0,0.484375,-56.43933800000001,short,1.17119,59801,3e-05,2026-04-10 14:35,59812,1.17183,3e-05,2026-04-10 15:30,baseline,-1.0,(),-1.484375,STOP,False,0.00031,59800,2026-04-10 14:30,6e-05,0.09375,2.5,25.0,0.00025,0.390625,1.17183,EURUSD,1.0.0:21f874e75b4864aa,short:46:54,0.0,symbol-metadata-v1,1.16991,0.00031,0.484375,False
False,False,0.0,0.0,0.0,0.837838,-58.27717600000001,short,1.16862,60010,3e-05,2026-04-13 08:00,60022,1.16899,3e-05,2026-04-13 09:00,baseline,-1.0,(),-1.837838,STOP,False,0.00031,60009,2026-04-13 07:55,6e-05,0.1621621622,2.5,25.0,0.00025,0.6756756757,1.16899,EURUSD,1.0.0:21f874e75b4864aa,short:30:58,0.0,symbol-metadata-v1,1.16788,0.00031,0.8378378378,False
False,False,0.0,0.0,0.0,0.378049,-59.65522500000001,short,1.16892,60054,3e-05,2026-04-13 11:40,60082,1.16974,3e-05,2026-04-13 14:00,baseline,-1.0,(),-1.378049,STOP,False,0.00031,60053,2026-04-13 11:35,6e-05,0.0731707317,2.5,25.0,0.00025,0.3048780488,1.16974,EURUSD,1.0.0:21f874e75b4864aa,short:53:56,0.0,symbol-metadata-v1,1.16728,0.00031,0.3780487805,False
False,True,0.0,0.0,0.0,1.068966,-60.22419100000001,long,1.17775,61739,3e-05,2026-04-21 08:05,61750,1.17775,3e-05,2026-04-21 09:00,baseline,0.5,"({'bar': 2, 'event': '+1R_REACHED'}, {'bar': 2, 'event': 'PARTIAL_TAKEN', 'fraction': 0.5}, {'bar': 2, 'event': 'BREAK_EVEN_ACTIVATED', 'new_stop': 1.17775})",-0.568966,STOP,True,0.00031,61738,2026-04-21 08:00,6e-05,0.2068965517,2.5,25.0,0.00025,0.8620689655,1.17746,EURUSD,1.0.0:21f874e75b4864aa,long:37:58,0.0,symbol-metadata-v1,1.17833,0.00031,1.0689655172,False
False,False,0.0,0.0,0.0,0.794872,-62.01906300000001,short,1.16787,62619,3e-05,2026-04-24 09:25,62622,1.16826,3e-05,2026-04-24 09:40,baseline,-1.0,(),-1.794872,STOP,False,0.00031,62618,2026-04-24 09:20,6e-05,0.1538461538,2.5,25.0,0.00025,0.641025641,1.16826,EURUSD,1.0.0:21f874e75b4864aa,short:33:56,0.0,symbol-metadata-v1,1.1671,0.00031,0.7948717949,False
False,False,0.0,0.0,0.0,0.292453,-63.31151600000001,short,1.1681,63801,3e-05,2026-04-30 11:55,63808,1.16916,3e-05,2026-04-30 12:30,baseline,-1.0,(),-1.292453,STOP,False,0.00031,63800,2026-04-30 11:50,6e-05,0.0566037736,2.5,25.0,0.00025,0.2358490566,1.16916,EURUSD,1.0.0:21f874e75b4864aa,short:48:56,0.0,symbol-metadata-v1,1.16598,0.00031,0.2924528302,False
False,True,0.0,0.0,0.0,0.212329,-63.02384500000001,short,1.17057,63837,3e-05,2026-04-30 14:55,63865,1.17057,3e-05,2026-04-30 17:15,baseline,0.5,"({'bar': 4, 'event': '+1R_REACHED'}, {'bar': 4, 'event': 'PARTIAL_TAKEN', 'fraction': 0.5}, {'bar': 4, 'event': 'BREAK_EVEN_ACTIVATED', 'new_stop': 1.17057})",0.287671,STOP,True,0.00031,63836,2026-04-30 14:50,6e-05,0.0410958904,2.5,25.0,0.00025,0.1712328767,1.17203,EURUSD,1.0.0:21f874e75b4864aa,short:31:58,0.0,symbol-metadata-v1,1.16765,0.00031,0.2123287671,False
False,True,0.0,0.0,0.0,0.563636,-63.08748100000001,long,1.177,65278,3e-05,2026-05-07 15:00,65290,1.177,3e-05,2026-05-07 16:00,baseline,0.5,"({'bar': 9, 'event': '+1R_REACHED'}, {'bar': 9, 'event': 'PARTIAL_TAKEN', 'fraction': 0.5}, {'bar': 9, 'event': 'BREAK_EVEN_ACTIVATED', 'new_stop': 1.177})",-0.063636,STOP,True,0.00031,65277,2026-05-07 14:55,6e-05,0.1090909091,2.5,25.0,0.00025,0.4545454545,1.17645,EURUSD,1.0.0:21f874e75b4864aa,long:49:57,0.0,symbol-metadata-v1,1.17809,0.00031,0.5636363636,False
False,True,0.0,0.0,0.0,1.148148,-63.73562900000001,short,1.16205,67209,3e-05,2026-05-18 07:55,67215,1.16205,3e-05,2026-05-18 08:25,baseline,0.5,"({'bar': 4, 'event': '+1R_REACHED'}, {'bar': 4, 'event': 'PARTIAL_TAKEN', 'fraction': 0.5}, {'bar': 4, 'event': 'BREAK_EVEN_ACTIVATED', 'new_stop': 1.16205})",-0.648148,STOP,True,0.00031,67208,2026-05-18 07:50,6e-05,0.2222222222,2.5,25.0,0.00025,0.9259259259,1.16232,EURUSD,1.0.0:21f874e75b4864aa,short:18:57,0.0,symbol-metadata-v1,1.16139,0.00031,1.1481481481,False
False,True,0.0,0.0,0.0,1.033333,-64.26896200000002,long,1.16401,68647,3e-05,2026-05-25 07:45,68661,1.16401,3e-05,2026-05-25 08:55,baseline,0.5,"({'bar': 1, 'event': '+1R_REACHED'}, {'bar': 1, 'event': 'PARTIAL_TAKEN', 'fraction': 0.5}, {'bar': 1, 'event': 'BREAK_EVEN_ACTIVATED', 'new_stop': 1.16401})",-0.533333,STOP,True,0.00031,68646,2026-05-25 07:40,6e-05,0.2,2.5,25.0,0.00025,0.8333333333,1.16371,EURUSD,1.0.0:21f874e75b4864aa,long:46:58,0.0,symbol-metadata-v1,1.16461,0.00031,1.0333333333,False
False,False,0.0,0.0,0.0,0.407895,-65.67685700000001,short,1.16347,68983,3e-05,2026-05-26 11:45,68989,1.16423,3e-05,2026-05-26 12:15,baseline,-1.0,(),-1.407895,STOP,False,0.00031,68982,2026-05-26 11:40,6e-05,0.0789473684,2.5,25.0,0.00025,0.3289473684,1.16423,EURUSD,1.0.0:21f874e75b4864aa,short:45:55,0.0,symbol-metadata-v1,1.16196,0.00031,0.4078947368,False
False,False,0.0,0.0,0.0,0.607843,-67.28470000000002,short,1.16389,69006,3e-05,2026-05-26 13:40,69011,1.1644,3e-05,2026-05-26 14:05,baseline,-1.0,(),-1.607843,STOP,False,0.00031,69005,2026-05-26 13:35,6e-05,0.1176470588,2.5,25.0,0.00025,0.4901960784,1.1644,EURUSD,1.0.0:21f874e75b4864aa,short:51:57,0.0,symbol-metadata-v1,1.16287,0.00031,0.6078431373,False
False,True,0.0,0.0,0.0,0.659574,-66.45491300000002,short,1.16402,69016,3e-05,2026-05-26 14:30,69034,1.16309,3e-05,2026-05-26 16:00,baseline,1.489362,"({'bar': 1, 'event': '+1R_REACHED'}, {'bar': 1, 'event': 'PARTIAL_TAKEN', 'fraction': 0.5}, {'bar': 1, 'event': 'BREAK_EVEN_ACTIVATED', 'new_stop': 1.16402})",0.829787,TARGET,True,0.00031,69015,2026-05-26 14:25,6e-05,0.1276595745,2.5,25.0,0.00025,0.5319148936,1.16449,EURUSD,1.0.0:21f874e75b4864aa,short:41:55,0.0,symbol-metadata-v1,1.16309,0.00031,0.6595744681,False
False,False,0.0,0.0,0.0,0.72093,-68.17584300000001,long,1.16482,70067,3e-05,2026-06-01 06:05,70069,1.16439,3e-05,2026-06-01 06:15,baseline,-1.0,(),-1.72093,STOP,False,0.00031,70066,2026-06-01 06:00,6e-05,0.1395348837,2.5,25.0,0.00025,0.5813953488,1.16439,EURUSD,1.0.0:21f874e75b4864aa,long:41:55,0.0,symbol-metadata-v1,1.16568,0.00031,0.7209302326,False
False,True,0.0,0.0,0.0,0.455882,-67.13172500000002,short,1.16163,70750,3e-05,2026-06-03 15:05,70755,1.16027,3e-05,2026-06-03 15:30,baseline,1.5,"({'bar': 3, 'event': '+1R_REACHED'}, {'bar': 3, 'event': 'PARTIAL_TAKEN', 'fraction': 0.5}, {'bar': 3, 'event': 'BREAK_EVEN_ACTIVATED', 'new_stop': 1.16163})",1.044118,TARGET,True,0.00031,70749,2026-06-03 15:00,6e-05,0.0882352941,2.5,25.0,0.00025,0.3676470588,1.16231,EURUSD,1.0.0:21f874e75b4864aa,short:27:57,0.0,symbol-metadata-v1,1.16027,0.00031,0.4558823529,False
False,True,0.0,0.0,0.0,1.47619,-68.10791500000002,short,1.16084,70956,3e-05,2026-06-04 08:15,70961,1.16084,3e-05,2026-06-04 08:40,baseline,0.5,"({'bar': 1, 'event': '+1R_REACHED'}, {'bar': 1, 'event': 'PARTIAL_TAKEN', 'fraction': 0.5}, {'bar': 1, 'event': 'BREAK_EVEN_ACTIVATED', 'new_stop': 1.16084})",-0.97619,STOP,True,0.00031,70955,2026-06-04 08:10,6e-05,0.2857142857,2.5,25.0,0.00025,1.1904761905,1.16105,EURUSD,1.0.0:21f874e75b4864aa,short:22:56,0.0,symbol-metadata-v1,1.16042,0.00031,1.4761904762,False
False,False,0.0,0.0,0.0,0.348315,-66.45623000000002,long,1.15126,71589,3e-05,2026-06-08 13:00,71595,1.15304,3e-05,2026-06-08 13:30,baseline,2.0,(),1.651685,TARGET,False,0.00031,71588,2026-06-08 12:55,6e-05,0.0674157303,2.5,25.0,0.00025,0.2808988764,1.15037,EURUSD,1.0.0:21f874e75b4864aa,long:44:56,0.0,symbol-metadata-v1,1.15304,0.00031,0.3483146067,False
False,True,0.0,0.0,0.0,1.148148,-67.10437800000003,short,1.15474,72405,3e-05,2026-06-11 09:00,72408,1.15474,3e-05,2026-06-11 09:15,baseline,0.5,"({'bar': 0, 'event': '+1R_REACHED'}, {'bar': 0, 'event': 'PARTIAL_TAKEN', 'fraction': 0.5}, {'bar': 0, 'event': 'BREAK_EVEN_ACTIVATED', 'new_stop': 1.15474})",-0.648148,STOP,True,0.00031,72404,2026-06-11 08:55,6e-05,0.2222222222,2.5,25.0,0.00025,0.9259259259,1.15501,EURUSD,1.0.0:21f874e75b4864aa,short:42:56,0.0,symbol-metadata-v1,1.15421,0.00031,1.1481481481,False
False,True,0.0,0.0,0.0,0.269565,-66.87394300000003,short,1.15743,72747,3e-05,2026-06-12 13:30,72781,1.15743,3e-05,2026-06-12 16:20,baseline,0.5,"({'bar': 22, 'event': '+1R_REACHED'}, {'bar': 22, 'event': 'PARTIAL_TAKEN', 'fraction': 0.5}, {'bar': 22, 'event': 'BREAK_EVEN_ACTIVATED', 'new_stop': 1.15743})",0.230435,STOP,True,0.00031,72746,2026-06-12 13:25,6e-05,0.052173913,2.5,25.0,0.00025,0.2173913043,1.15858,EURUSD,1.0.0:21f874e75b4864aa,short:21:55,0.0,symbol-metadata-v1,1.15513,0.00031,0.2695652174,False
False,False,0.0,0.0,0.0,0.449275,-68.32321800000003,short,1.14558,74185,3e-05,2026-06-19 13:20,74192,1.14627,3e-05,2026-06-19 13:55,baseline,-1.0,(),-1.449275,STOP,False,0.00031,74184,2026-06-19 13:15,6e-05,0.0869565217,2.5,25.0,0.00025,0.3623188406,1.14627,EURUSD,1.0.0:21f874e75b4864aa,short:28:56,0.0,symbol-metadata-v1,1.1442,0.00031,0.4492753623,False
False,True,0.0,0.0,0.0,0.442857,-68.26607500000003,short,1.1455,74477,3e-05,2026-06-22 13:40,74493,1.1455,3e-05,2026-06-22 15:00,baseline,0.5,"({'bar': 15, 'event': '+1R_REACHED'}, {'bar': 15, 'event': 'PARTIAL_TAKEN', 'fraction': 0.5}, {'bar': 15, 'event': 'BREAK_EVEN_ACTIVATED', 'new_stop': 1.1455})",0.057143,STOP,True,0.00031,74476,2026-06-22 13:35,6e-05,0.0857142857,2.5,25.0,0.00025,0.3571428571,1.1462,EURUSD,1.0.0:21f874e75b4864aa,short:50:57,0.0,symbol-metadata-v1,1.1441,0.00031,0.4428571429,False
False,True,0.0,0.0,0.0,0.449275,-68.21535000000003,long,1.14033,75909,3e-05,2026-06-29 13:00,75936,1.14033,3e-05,2026-06-29 15:15,baseline,0.5,"({'bar': 23, 'event': '+1R_REACHED'}, {'bar': 23, 'event': 'PARTIAL_TAKEN', 'fraction': 0.5}, {'bar': 23, 'event': 'BREAK_EVEN_ACTIVATED', 'new_stop': 1.14033})",0.050725,STOP,True,0.00031,75908,2026-06-29 12:55,6e-05,0.0869565217,2.5,25.0,0.00025,0.3623188406,1.13964,EURUSD,1.0.0:21f874e75b4864aa,long:56:56,0.0,symbol-metadata-v1,1.1417,0.00031,0.4492753623,False
False,True,0.0,0.0,0.0,0.584906,-68.30025600000003,long,1.14416,78455,3e-05,2026-07-10 09:10,78459,1.14416,3e-05,2026-07-10 09:30,baseline,0.5,"({'bar': 2, 'event': '+1R_REACHED'}, {'bar': 2, 'event': 'PARTIAL_TAKEN', 'fraction': 0.5}, {'bar': 2, 'event': 'BREAK_EVEN_ACTIVATED', 'new_stop': 1.14416})",-0.084906,STOP,True,0.00031,78454,2026-07-10 09:05,6e-05,0.1132075472,2.5,25.0,0.00025,0.4716981132,1.14363,EURUSD,1.0.0:21f874e75b4864aa,long:30:53,0.0,symbol-metadata-v1,1.14522,0.00031,0.5849056604,False
False,False,0.0,0.0,0.0,0.5,-69.80025600000003,long,1.14335,79962,3e-05,2026-07-17 14:45,79973,1.14273,3e-05,2026-07-17 15:40,baseline,-1.0,(),-1.5,STOP,False,0.00031,79961,2026-07-17 14:40,6e-05,0.0967741935,2.5,25.0,0.00025,0.4032258065,1.14273,EURUSD,1.0.0:21f874e75b4864aa,long:49:55,0.0,symbol-metadata-v1,1.14459,0.00031,0.5,False
